id,first_name,last_name
1,Jinny,Ioab
2,Lesly,Raul
3,Rochette,Yoko
4,Nessie,Franza
5,Andree,Haerr
6,Annice,Tengdin
7,Constance,Nahum
8,Jessamyn,Tamar
9,Peri,Iaverne
10,Janey,Teryn
11,Brana,Eachern
12,Mureil,Greyson
13,Rivalee,Salvidor
14,Karolina,Stav
15,Chandra,Zenas
16,Frank,Brandice
17,Ayn,Mehalek
18,Elka,Melan
19,Darlleen,Persse
20,Jolyn,O'Neill
21,Georgetta,Georas
22,Carolina,Wind
23,Desirae,Killigrew
24,Nickie,Danby
25,Valeda,Elephus
26,Deane,LaRue
27,Nyssa,Phaidra
28,Brena,Ashely
29,Celene,Erlandson
30,Carly,Calhoun
31,Lorne,Nadia
32,Kylynn,Stoller
33,Korrie,Kunin
34,Cyndie,Shama
35,Cordi,Nedrud
36,Alisha,Mayeda
37,Karena,Norvol
38,Karlee,Hamil
39,Orelia,Truc
40,Eadie,McCutcheon
41,Aryn,Wiener
42,Jackie,Trey
43,Gerrie,Albertine
44,Verla,Bates
45,Annecorinne,Evvie
46,Vere,Burnside
47,Tracey,Crudden
48,Barbara,Kussell
49,Paola,Faust
50,Dorothy,Salchunas
51,Misha,Screens
52,Daune,Allys
53,Althea,Millda
54,Bernardine,Melan
55,Juliane,Berard
56,Tobe,Denis
57,Inga,Gahl
58,Marinna,Barbey
59,Harmonia,Katrine
60,Lelah,Nadia
61,Courtnay,Durante
62,Shandie,Cullin
63,Helsa,Roarke
64,Gianina,Israeli
65,Ernesta,Kosey
66,Juliane,Maribeth
67,Binny,Tryck
68,Gilda,Bollay
69,Albertina,Ader
70,Tybie,Lattie
71,Blondelle,Nunci
72,Chastity,Louanna
73,Elka,Atcliffe
74,Zondra,Luhe
75,Jenda,Dreda
76,Hallie,Arne
77,Jessy,Carleen
78,Amelia,O'Rourke
79,Jolyn,Tatianas
80,Lynea,Guthrie
81,Lexine,Carvey
82,Joeann,Elsinore
83,Elise,Penelopa
84,Aubrie,Hathaway
85,Aurelie,Redmond
86,Ezmeralda,Fairweather
87,Janeczka,Aldric
88,Grier,Meter
89,Dari,Georas
90,Abbie,Nea
91,Cassondra,Fennessy
92,Luci,Stevy
93,Carlie,Maroney
94,Amara,Elbertina
95,Julieta,Stacy
96,Aili,Annabella
97,Marita,Mauer
98,Alyda,Huggins
99,Cissiee,Nisbet
100,Tierney,Johanna
101,Tabbatha,Even
102,Lizzie,Jacqui
103,Ayn,Richers
104,Ayn,Roarke
105,Lusa,Madaih
106,Marcelline,Pozzy
107,Glenda,Tayib
108,Bertine,An
109,Cam,Tristram
110,Miquela,Zachary
111,Ernesta,McCutcheon
112,Julieta,Mich
113,Raina,Fry
114,Lisette,Dermott
115,Shirlee,Faro
116,Xylina,Virgin
117,Wilma,Schalles
118,Karly,Suzetta
119,Katleen,Holtz
120,Amii,Autrey
121,Anallese,Atcliffe
122,Nollie,Clarissa
123,Jenilee,Ball
124,Netty,Behre
125,Sibella,Ivens
126,Ekaterina,Dominy
127,Cam,Eliathas
128,Amara,Ludewig
129,Edith,Martsen
130,Juliane,Gaal
131,Keelia,Salchunas
132,Nonnah,Annice
133,Brynna,Eckblad
134,Kylynn,Ailyn
135,Valeda,Curren
136,Morganica,Sothena
137,Gwyneth,Harday
138,Katuscha,Sammons
139,Norine,Mitzi
140,Estell,Chobot
141,Mariann,Friede
142,Katleen,Carvey
143,Fawne,Suk
144,Eadie,Carbo
145,Zsa Zsa,Harned
146,Nelle,Jalbert
147,Melisent,Margret
148,Annice,Teddman
149,Jessy,Amadas
150,Edyth,Campball
151,Averyl,Bebe
152,Susette,Mullane
153,Agathe,Oscar
154,Rori,Wiener
155,Elise,Calhoun
156,Rozele,Presber
157,Sheree,Therine
158,Briney,Thad
159,Janis,Magnolia
160,Bobbi,Camden
161,Berta,Miru
162,Selia,Hebner
163,Helena,Bonucci
164,Kaja,Freddi
165,Queenie,Cleavland
166,Eadie,Kamaria
167,Annecorinne,Wallis
168,Robbi,Corabella
169,Jenda,Flita
170,Jillayne,Syd
171,Minda,LaRue
172,Collen,Neils
173,Maurene,Toffic
174,Evaleen,Ortrude
175,Dawn,Dudley
176,Gisela,Glovsky
177,Fanchon,Thar
178,Pamella,Sinegold
179,Nollie,Santoro
180,Alameda,Talia
181,Lorne,Kenwood
182,Madelle,Meter
183,Valeda,Braun
184,Briney,Lory
185,Regina,Quinn
186,Jenda,Noelyn
187,Beth,Roarke
188,Dari,Gusella
189,Brandise,Standing
190,Jany,Seligman
191,Perry,Chauncey
192,Max,Urias
193,Ida,Granoff
194,Dotty,Marden
195,Louella,Melan
196,Gaylene,Dituri
197,Rosaline,Modie
198,Belinda,Cloris
199,Gerianna,Truc
200,Merle,Leffen
201,Charlena,Mayeda
202,Renae,Rooney
203,Jaclyn,Dash
204,Marsiella,Eiser
205,Sashenka,Sikorski
206,Felice,Sidonius
207,Damaris,Rhu
208,Augustine,Ciro
209,Alex,Donell
210,Mathilda,Yam
211,Arabel,Corabella
212,Devina,Earlie
213,Sidoney,Llovera
214,Keelia,Kravits
215,Joelly,Johnsson
216,Gabi,Socha
217,Angela,Dudley
218,Zia,Swigart
219,Annabela,Han
220,Elka,Maryanne
221,Katuscha,Longfellow
222,Oona,Daegal
223,Brooks,Madelene
224,Edee,Sperling
225,Gilligan,Khorma
226,Dulce,Sallyann
227,Camile,Bertold
228,Roz,Shaver
229,Elvira,Phyllis
230,Ofilia,Thema
231,Sean,Gerge
232,Consuela,Karl
233,Flo,Desai
234,Zaria,Pelagias
235,Kayla,Erskine
236,Pamella,Shaddock
237,Celisse,McAdams
238,Halette,Abbot
239,Selma,Chandler
240,Ira,Cimbura
241,Tiffie,Shaddock
242,Kaia,Medrek
243,Rani,Hailee
244,Annice,Corrine
245,Jessamyn,Bennie
246,Millie,Ventre
247,Cherrita,Malanie
248,Penelopa,Wittie
249,Nyssa,Wolfgram
250,Adriana,Dex
251,Sadie,Anis
252,Nessie,Valoniah
253,Marguerite,Fax
254,Frieda,Gavrila
255,Jennica,Roarke
256,Libbie,Craggie
257,Marguerite,Ahab
258,Vivia,Abbot
259,Karina,Ackerley
260,Clarice,Hortensia
261,Talya,Hachmin
262,Sophia,Ursulette
263,Dyann,MacIntosh
264,Brena,Kaja
265,Angelique,Bonucci
266,Charissa,Gabrielli
267,Sheelagh,Roche
268,Fred,Carolin
269,Arlina,Rudolph
270,Liana,Stoller
271,Janey,Maisey
272,Bobinette,Raul
273,Emma,Ovid
274,Daphne,Gaal
275,Sibella,Bollay
276,Livvyy,Toni
277,Molli,Natalia
278,Lory,Imelida
279,Deloria,Belldas
280,Latisha,Reidar
281,Alyssa,Hanshaw
282,Lilith,Sothena
283,Leontine,Ogren
284,Eugine,Adrienne
285,Dawn,Salchunas
286,Arabel,Anton
287,Lolita,Johnsson
288,Karolina,Cookie
289,Petronia,Deny
290,Jacenta,Hachmin
291,Adelle,Annabella
292,Jessamyn,Gaulin
293,Mureil,Kellby
294,Fernande,Jess
295,Kary,My
296,Laurene,Morrill
297,Kayla,Paton
298,Iseabal,Carolin
299,Yvonne,Meli
300,Pollyanna,Wenda
301,Shell,Jotham
302,Teddie,Sholley
303,Christian,Whiffen
304,Jenda,Alice
305,Viviene,Kolnick
306,Asia,Leler
307,Shandie,Roarke
308,Andree,Brunell
309,Kelly,Clara
310,Lila,Levey
311,Ulrike,Lanita
312,Ottilie,Roscoe
313,Jaime,Evangelia
314,Tabbatha,Heisel
315,Cissiee,Klotz
316,Lelah,Anyah
317,Andeee,Bebe
318,Tori,August
319,Juliane,Krystle
320,Lenna,Parette
321,Annecorinne,Baudin
322,Ermengarde,Clywd
323,Raquela,Dyche
324,Sibella,Plato
325,Ida,Orpah
326,Selma,Laurianne
327,Lulita,Roxanna
328,Madelle,Strephon
329,Sybille,Schonfeld
330,Jessy,Selway
331,Riannon,Sophronia
332,Verla,Leler
333,Ermengarde,Presber
334,Viki,Corabella
335,Nerta,Goddard
336,Almeta,Maroney
337,Georgina,Gibbeon
338,Cissiee,Gabrielli
339,Molli,Oriana
340,Katleen,Munn
341,Regina,Aaberg
342,Hermione,Lia
343,Brena,Gilbertson
344,Gabi,Korey
345,Audrie,Wildermuth
346,Lita,Gherardo
347,Madeleine,Bibi
348,Bibby,Iaverne
349,Berget,Ball
350,Talya,Arquit
351,Adele,Reidar
352,Flory,Harday
353,Mariele,Jeanne
354,Bobbi,Ingra
355,Nikki,Thar
356,Desirae,Chick
357,Olivette,Hoban
358,Noelle,Sibyls
359,Vita,Loring
360,Yvonne,Loleta
361,Caressa,Monaco
362,Lisette,Mata
363,Myriam,Cynar
364,Celestyna,Naor
365,Agnese,Odysseus
366,Paulita,Naor
367,Bobinette,Lilybelle
368,Devina,Hourigan
369,Heida,Flita
370,Gilligan,Friede
371,Fayre,Munn
372,Felice,Gino
373,Nannie,Wenoa
374,Wilma,Wandie
375,Aaren,Duwalt
376,Catrina,Eben
377,Arlena,Rese
378,Lizzie,Arvo
379,Sibella,Santoro
380,Lizzie,Vorster
381,Hildegaard,Harriman
382,Gabriellia,Ade
383,Lorne,Hartnett
384,Nanete,Nickola
385,Karolina,Bach
386,Peri,Jotham
387,Dominga,Elisha
388,Elise,Zachary
389,Gerianna,Dom
390,Alisha,Chandler
391,Etta,Cecile
392,Gwyneth,Armanda
393,Kimmy,Damarra
394,Meghann,Standing
395,Tierney,Mintz
396,Kirstin,Roscoe
397,Benita,Yusuk
398,Wileen,Stelle
399,Benita,Lia
400,Talya,Westphal
401,Robinia,Waldron
402,Corry,Regan
403,Dawn,Morehouse
404,Caressa,Tamar
405,Raina,Leopold
406,Shauna,Monk
407,Kary,Goode
408,Perry,Capello
409,Paule,Alabaster
410,Olwen,Nore
411,Fayre,Clywd
412,Ketti,Duwalt
413,Oona,Kress
414,Atlanta,Deegan
415,Loree,Stilwell
416,Phylis,Skell
417,Marsiella,Wilkinson
418,Gerianna,Moseley
419,Laurene,Berne
420,Debee,Stelle
421,Orelia,Suanne
422,Glenda,Glovsky
423,Hollie,Lowry
424,Corly,Carleen
425,Nananne,Bonilla
426,Wynne,Prouty
427,Brooks,Guthrie
428,Alleen,Wittie
429,Bibby,Stav
430,Keelia,Posner
431,Clementine,Anastatius
432,Shel,Boehike
433,Wanda,Smitt
434,Brietta,Hoban
435,Rozele,Travax
436,Reeba,Goth
437,Henriette,Saunderson
438,Maisey,Eckblad
439,Natka,Ephrem
440,Janeczka,Dorine
441,Gianina,Garbe
442,Celene,Boycey
443,Doro,Bigner
444,Aeriela,Tjon
445,Camile,Means
446,Elmira,Thomasina
447,Allyce,Penelopa
448,Clo,Rocray
449,Corina,Bashemeth
450,Elena,Dyche
451,Tiffie,Ball
452,Vita,Demitria
453,Mireielle,Tacye
454,Cassandra,Christine
455,Therine,Ludewig
456,Rochette,Zitvaa
457,Hildegaard,Richers
458,Karlee,Rossner
459,Talya,Cohdwell
460,Sandie,Wareing
461,Yvonne,Hessler
462,Marline,Whiffen
463,Raina,Chinua
464,Di,Gordon
465,Estell,Weitman
466,Aryn,Lunsford
467,Lesly,Lia
468,Bertine,Wu
469,Adele,Hortensia
470,Binny,Oneida
471,Courtnay,Jess
472,Alia,Tice
473,Charissa,Seagraves
474,Christian,Liva
475,Aryn,Fairweather
476,Darlleen,Dituri
477,Shannah,Rhu
478,Demetris,Maroney
479,Ulrike,Carlson
480,Odessa,Alisia
481,Madelle,Weitman
482,Diena,Morrill
483,Calla,Delp
484,Lenna,Hachmin
485,Elsie,Dahlia
486,Latisha,Chrystel
487,Dominga,Bohlin
488,Sherrie,Edvard
489,Ada,Kussell
490,Drucie,Armanda
491,Misha,Roscoe
492,Bettine,Tillford
493,Marleah,Ricki
494,Lonnie,Sprage
495,Oona,Christine
496,Gui,Yusuk
497,Clary,Leler
498,Janeczka,Codding
499,Tobe,Sandye
500,Oona,Jerold
501,Larine,Anton
502,Arlina,Ogren
503,Dotty,Nance
504,Mildrid,Sundin
505,Marnia,Elvyn
506,Shel,Rheingold
507,Di,Holtz
508,Dulce,Orelee
509,Dyann,McLaughlin
510,Anica,Leonard
511,Kirbee,Erb
512,Letizia,Haldas
513,Averyl,Gilmour
514,Sibella,Chesna
515,Rivalee,Carolin
516,Quintina,Mauer
517,Ana,Atcliffe
518,Sibella,Breed
519,Sherrie,Susannah
520,Mildrid,Sharl
521,Meriel,Aurelio
522,Viki,Zitvaa
523,Lacie,Timon
524,Madelle,Bari
525,Jere,Alarise
526,Lanna,Brodench
527,Corina,Lucienne
528,Nariko,Fairweather
529,Mady,Cookie
530,Betta,Goddard
531,Flo,Isacco
532,Linet,Wandie
533,Zia,Callista
534,Melina,Neva
535,Elfreda,Sherfield
536,Chloris,Roche
537,Darlleen,Vivle
538,Gretal,Laverne
539,Winifred,Lytton
540,Tonia,Belldas
541,Caryl,Trinetta
542,Lesly,Carlson
543,Gianina,Sperling
544,Raina,Ehrman
545,Adelle,Uund
546,Libbie,McCutcheon
547,Regina,Sasnett
548,Gabi,Morgun
549,Verla,Leifeste
550,Dulcinea,Clarissa
551,Ivett,Smitt
552,Fina,Wind
553,Valli,Hurley
554,Marita,Edvard
555,Gerianna,Danby
556,Gerrie,Demitria
557,Carree,Gaulin
558,Gerianna,Daegal
559,Dari,Morehouse
560,Kerrin,Shuler
561,Kenna,Cutlerr
562,Nicoli,Anis
563,Maud,Croix
564,Janis,Jalbert
565,Edyth,Nickola
566,Laure,Bivins
567,Joeann,Arvo
568,Therine,Salchunas
569,Meghann,Rhu
570,Drucie,Wesle
571,Nikki,Prober
572,Karolina,Earlie
573,Leeanne,Cherianne
574,Marguerite,Mauer
575,Devina,Olin
576,Blake,Viddah
577,Tiffie,Redmond
578,Ericka,Bahr
579,Dominga,Seessel
580,Esmeralda,Berne
581,Calla,Olnee
582,Ezmeralda,Egbert
583,Drucie,Blase
584,Donetta,Chick
585,Constance,Karylin
586,Katuscha,Isacco
587,Georgina,Odysseus
588,Agnese,Ogren
589,Ketti,Anselmi
590,Jackie,Cordi
591,Ninnetta,Standing
592,Joleen,Macey
593,Britni,Winthorpe
594,Ileana,Bergman
595,Sheree,Doig
596,Shauna,Nester
597,Genovera,Eliathas
598,Willetta,Martsen
599,Kenna,Argus
600,Nessie,Kinnard
601,Valeda,Kylander
602,Nariko,Mehalek
603,Queenie,Gert
604,Justinn,Gunn
605,Elyssa,Khorma
606,Andree,Berriman
607,Kristina,Selway
608,Glynnis,Crudden
609,Amelia,Tybald
610,Jorry,Roxanna
